coupon,sum
,483055698
TIXDOS9CO2C,99182
TIXDIWALI,713293
TIXSMASH8,43430
TIXROCKON,190704
TIXDO64S3S1,99695
FLYTIX,93372
TIXDO2BDTJA,101277
PIN17B6CON,1043786
TIXDO3YSN4E,99702
SENSES0VKZGW,113642
TIXDOXP3F76,99697
PTR10,926745
TIXNOOR,560269
TIXHERO,218750
TIXZINDAGI,5345927
TIXDOEVPVIW,101282
tqm6He,49784
TIXFINAL60,1164744
SS15,447872
TIXTREAT,784996
SENSESH7Z9GS,99066
CLARTIX15,49777
TIXSMASH5,49314
TIXPHILLAURI,1202874
Tix2Shaadi,587630
tixsixty,37581
0Hw2Ld,49680
TIXDO19PP41,95921
TIXTRAPPED,215710
TIXDANGAL,467072
SULTAN15,678794
TIXDO9CUBM4,101222
TIXROGUE,369382
TIXDOOOJ81H,100717
SENSESJR9LSD,113874
SENSES3RAQYB,114031
shakti_free_tix,114178
TIXDOCOCS79,97051
TIXBAAHUBALI,111977
TIXBANJO,208296
SENSESN2AOKE,112968
TIXNEW,520466
SENSES20FQQK,113775
TIXDOT2QDZN,99692
0U2tau,49676
REFwuOTjv,49773
TIXSMASH14,49741
TIX753,408407
TIXSMASH10,49744
REF1Qj6Te,43945
TIXREF,417152
TIXDOREV0TM,99696
BATTesting,43303
BAAHUBALI2,1014075
7DvtvY,49780
BEBLRU,49782
TIXPASS,693423
TIX10,1589374216
TIXGALAXY,113157
TIXTEST60,114210
TIXCASH70,340902
IHAVEVOTED,552122
TIXSMASH7,49745
TIXDOPGFZ04,95934
CLAbGm,43350
TIXSMASH9,43685
fUeZDh,49781
TIXDODP7XYR,101279
RAJINI15,372306
TIXDO64WXB7,101247
TIXDOA1CKAQ,99693
TIXFINAL90,4707225
TIXTWIST,312133
4FJF1Y,43361
ADE50,298825
TIX60,109361
TIXDO3UXTVU,95147
TIXDOUBLE,456120
TIXDOKD2FSO,99700
TIXDOIRAAAU,95929
SENSES9AMYL8,103738
TIXSMASH15,43688
ItsATrap,2566487
TIXDO93IL4P,99186
TIXDOB2A3PW,101242
TIX25,40789872
TIXFANWIN,79907
TIX50CC,1181053070
TIXSMASH11,49743
SHABANA,15058299
SSFREE,49727
TIXDOFG7M6G,101249
KANIKA,1313542
TIXSMASH6,43959
TIXDOVG43AH,101281
TIXMIRZYA,69093
TIXJOLLY,578042
TIXDOHPR9TE,101274
TIXTHRILLS,255052
qIvQPB,49722
TIXDHONI,283319
TIX65,318973
SENSESYUBDCE,108404
SPR10,231715
TIXDOEGMDT1,101283
TIX50,2780620204
,536785562
TIXLOGAN,737812
TIXDOV2APZ7,97055
TIXJACK,895067
TIXDONU2CCL,95925
REFLTvqAV,43349
TIXDON0XWNI,101218
TIXDOPQ0LI2,101237
Ss7jMh,49772
TIXKAHAANI,460713
SATEST,86946
TIXSHABANA,772936
TIXBADRI,854089
TIXWONDER,114902
TIXFAN,183679
FREE2TIX,74057
TIXDOCSU9X1,95926
TIXCOP,104659